1,サイレント・スカイ,過去の遺産を求めて危険な冒険に…,4
2,コズミック・エンデバー,天才科学者がタイムトラベルの秘密を…,1
3,モノクロームの記憶,青年がスポーツ界のスターになるまでの…,3
4,パラレル・ワールド,愛犬と一緒に旅行する一家のユーモラスな…,9
5,ドリームキャッチャー,未知の惑星を探検する宇宙飛行士の冒険…,10
6,ハートランド,若者たちが音楽と恋に揺れ動く青春…,11
7,フュージョン・フィーバー,過酷な自然環境で生き抜く野生動物の…,5
8,シャドウ・ゾーン,美食を求めて世界を旅する料理人の…,13
9,ディープ・ダイブ,スーパーヒーローたちが悪を倒すために…,2
10,スパイラル・パス,謎多き都市の暗闇を探る探偵の活躍…,12
11,フレンジー・フットボール,幼い日の思い出と友情を描いた感動の…,8
12,ネオン・ナイト,仮想現実世界で起こる予想外の出来事を…,14
13,ワイルド・ワールド,医学の進歩と医師たちの奮闘を描いた…,15
14,ギャラクシー・ガーディアンズ,小さな町で繰り広げられる人間ドラマ…,1
15,タイム・トンネル,野球少年たちの夢と友情を描いた…,2
16,シルバー・スクリーン,大手企業で働く女性の苦悩と成功を…,3
17,ミッドナイト・マスターピース,新たな文明を築くための壮大な冒険を…,4
18,マジック・メロディー,幕末の動乱を生き抜く侍のドラマ…,5
19,リアリティ・レヴュー,機械と人間の関係を描いたディストピア…,6
20,グローバル・ガイド,現代社会の問題を風刺したブラックコメディ…,7
21,スポーツ・スペクタクル,古代文明の謎を追う歴史学者の冒険…,8
22,クリスタル・クエスト,コメディアンたちが巧みな即興劇を披露…,9
23,ラブ・レッスン,シェフが各地の食材を使った料理に挑戦…,10
24,ファミリー・ファンタジア,魔法の世界で起きる奇妙な出来事を…,11
25,スリラー・シアター,妖精たちの楽園での生活を描いたファンタジー…,12
26,ホラー・ハウス,スリル満点の宇宙旅行を描くSFドラマ…,13
27,アクション・アリーナ,恐竜時代を舞台にした壮大な冒険物語…,14
28,ネイチャー・ノート,子供たちが大自然と共生する姿を追った…,15
29,コメディ・クラブ,新たなる地球外生命体との遭遇を描く…,16
30,スペース・スペクトラム,偉大なる科学者の人生と成果に迫る…,1
31,アドベンチャー・アリーナ,幽霊となった男が生前の恋人を救う…,2
32,ドキュメンタリー・ダイジェスト,海底の未知の生物を探求する冒険者たち…,3
33,ドラマ・ディライト,未来都市での革新的なテクノロジーを描く…,4
34,ミュージック・マニア,料理好きな家族が巻き起こすコミカルな騒動…,5
35,リアリティ・レコード,名探偵が難解な事件を解決していく…,6
36,ニュース・ナビゲーター,才能あふれる若きピアニストの成長物語…,7
37,スポーツ・スタジアム,小さな村で起こる感動的な人間ドラマ…,8
38,ファンタジー・フィールド,伝説の戦士が悪と戦う壮大な冒険譚…,9
39,ロマンス・レヴュー,宇宙人と地球人の友情を描いたハートウォーミング…,10
40,ファミリー・フィーバー,魔法使いの少女が織りなす奇跡の物語…,11
41,ミステリー・マナー,ロボット工学の未来を探求するドキュメンタリー…,12
42,ホラー・ハイライト,若者たちの熱きバンド活動を描いた音楽ドラマ…,13
43,アクション・アドベンチャー,家族愛をテーマにした感動のドラマ…,14
44,ネイチャー・ナビゲータ,アスリートたちの感動的な成功と挫折の物語…,15
45,コメディ・カーニバル,動物たちと人間との共生を描いたドキュメンタリー…,16
46,サイエンスフィクション・シンフォニー,魔法の力で世界を救う少年の冒険…,1
47,アドベンチャー・アプライズ,都市伝説を元にしたスリリングなホラー…,2
48,ドキュメンタリー・ディレクトリ,人類が初めて火星に降り立つ物語…,3
49,ドラマ・ダイナミクス,スーパーヒーローたちの壮大な戦いを描く…,4
50,星間の旅人,過去の遺産を求めて危険な冒険に…,4
51,絆の証,天才科学者がタイムトラベルの秘密を…,1
52,未来都市の秘密,青年がスポーツ界のスターになるまでの…,3
53,死者からのメッセージ,愛犬と一緒に旅行する一家のユーモラスな…,9
54,大地の息吹,未知の惑星を探検する宇宙飛行士の冒険…,10
55,音楽の力,若者たちが音楽と恋に揺れ動く青春…,11
56,突然のゲスト,過酷な自然環境で生き抜く野生動物の…,5
57,逆襲のロボット,美食を求めて世界を旅する料理人の…,13
58,運命の出会い,スーパーヒーローたちが悪を倒すために…,2
59,ラストゲーム,謎多き都市の暗闇を探る探偵の活躍…,12
60,笑いの神降臨,幼い日の思い出と友情を描いた感動の…,8
61,初めての告白,仮想現実世界で起こる予想外の出来事を…,14
62,勇気をください,医学の進歩と医師たちの奮闘を描いた…,15
63,完全犯罪,小さな町で繰り広げられる人間ドラマ…,1
64,最後の生存者,野球少年たちの夢と友情を描いた…,2
65,爆速チェイス,大手企業で働く女性の苦悩と成功を…,3
66,森の秘密,新たな文明を築くための壮大な冒険を…,4
67,禁断の恋,幕末の動乱を生き抜く侍のドラマ…,5
68,新しい家族,機械と人間の関係を描いたディストピア…,6
69,消えた女,現代社会の問題を風刺したブラックコメディ…,7
70,闇に潜む,古代文明の謎を追う歴史学者の冒険…,8
71,危険な任務,コメディアンたちが巧みな即興劇を披露…,9
72,海の神秘,シェフが各地の食材を使った料理に挑戦…,10
73,ロマンチックな予感,魔法の世界で起きる奇妙な出来事を…,11
74,大切な約束,妖精たちの楽園での生活を描いたファンタジー…,12
75,追いつめられた男,スリル満点の宇宙旅行を描くSFドラマ…,13
76,絶叫,恐竜時代を舞台にした壮大な冒険物語…,14
77,失われた秘宝,子供たちが大自然と共生する姿を追った…,15
78,動物たちの生活,新たなる地球外生命体との遭遇を描く…,16
79,二人だけの秘密,偉大なる科学者の人生と成果に迫る…,1
80,夢見る少女,幽霊となった男が生前の恋人を救う…,2
81,最後の証言,海底の未知の生物を探求する冒険者たち…,3
82,呪われた家,未来都市での革新的なテクノロジーを描く…,4
83,最後の戦い,料理好きな家族が巻き起こすコミカルな騒動…,5
84,旅立ちの季節,名探偵が難解な事件を解決していく…,6
85,心の距離,才能あふれる若きピアニストの成長物語…,7
86,家族の絆,小さな村で起こる感動的な人間ドラマ…,8
87,残された手紙,伝説の戦士が悪と戦う壮大な冒険譚…,9
88,敵地突入,宇宙人と地球人の友情を描いたハートウォーミング…,10
89,生命の奇跡,魔法使いの少女が織りなす奇跡の物語…,11
90,爆笑！トークバトル,ロボット工学の未来を探求するドキュメンタリー…,12